OP00204119,Kararo Mwangi Samuel,"1417426",2026-08-25,H.Pyroli Kit (Pylotrip) -,1.00,ekabura,1330.00,1330.0000,KARATINA ANNEX DRUG STORE
OP003617/26,Caroline Mwende Nyaga,"1417579",2026-08-25,Cefuroxime 500mgtablets 1,10.00,ekabura,85.00,850.0000,KARATINA ANNEX DRUG STORE
OP000135/23,Ann Njeri Maina,"1417995",2026-08-25,Albendazole 400mg -,1.00,ekabura,50.00,50.0000,KARATINA ANNEX DRUG STORE
OP000135/23,Ann Njeri Maina,"1417995",2026-08-25,Diloxanide 250mg+Metronindazole 200mg 1,30.00,ekabura,6.00,180.0000,KARATINA ANNEX DRUG STORE
OP000135/23,Ann Njeri Maina,"1417995",2026-08-25,Hyoscine N-Butylbromide Tabs10mg -,15.00,ekabura,6.00,90.0000,KARATINA ANNEX DRUG STORE
OP000135/23,Ann Njeri Maina,"1417995",2026-08-25,Omeprazole  Caps 20mg 1,10.00,ekabura,2.00,20.0000,KARATINA ANNEX DRUG STORE
OP00017796,Gaituri Wanjiku Eunice,"1418133",2026-08-25,Azithromycin 500mg 1,3.00,ekabura,75.00,225.0000,KARATINA ANNEX DRUG STORE
OP00017796,Gaituri Wanjiku Eunice,"1418133",2026-08-25,Cefixime  400mg - Krt -,5.00,ekabura,35.00,175.0000,KARATINA ANNEX DRUG STORE
OP00017796,Gaituri Wanjiku Eunice,"1418133",2026-08-25,Ceftriaxone Injection 1gm 1,1.00,ekabura,85.00,85.0000,KARATINA ANNEX DRUG STORE
OP00017796,Gaituri Wanjiku Eunice,"1418133",2026-08-25,Cough  Expectorant(Ascoril) (100ml) 1,1.00,ekabura,280.00,280.0000,KARATINA ANNEX DRUG STORE
OP00017796,Gaituri Wanjiku Eunice,"1418133",2026-08-25,Dexamethasone Tabs .0.5mg -,24.00,ekabura,2.00,48.0000,KARATINA ANNEX DRUG STORE
OP00017796,Gaituri Wanjiku Eunice,"1418133",2026-08-25,Ebastine 10mg Tabs -,5.00,ekabura,41.00,205.0000,KARATINA ANNEX DRUG STORE
OP00017796,Gaituri Wanjiku Eunice,"1418133",2026-08-25,Hydrocortisone Sodium Succ. Inj 100mg 1,2.00,ekabura,49.00,98.0000,KARATINA ANNEX DRUG STORE
OP00017796,Gaituri Wanjiku Eunice,"1418133",2026-08-25,I.V.Cannular Size 22 1,1.00,ekabura,17.00,17.0000,KARATINA ANNEX DRUG STORE
OP00017796,Gaituri Wanjiku Eunice,"1418133",2026-08-25,Needles  G23 Each 1,2.00,ekabura,10.00,20.0000,KARATINA ANNEX DRUG STORE
OP00017796,Gaituri Wanjiku Eunice,"1418133",2026-08-25,Paracetamol Tabs 500mg 1,20.00,ekabura,2.00,40.0000,KARATINA ANNEX DRUG STORE
OP00017796,Gaituri Wanjiku Eunice,"1418133",2026-08-25,Salbutamol Nebulizer 2.5mg/2.5ml(Vial) 1,2.00,ekabura,300.00,600.0000,KARATINA ANNEX DRUG STORE
OP00017796,Gaituri Wanjiku Eunice,"1418133",2026-08-25,Syringe 10ml 1,1.00,ekabura,13.00,13.0000,KARATINA ANNEX DRUG STORE
OP00017796,Gaituri Wanjiku Eunice,"1418133",2026-08-25,Syringe 5ml 1,1.00,ekabura,7.00,7.0000,KARATINA ANNEX DRUG STORE
OP016753/25,Euticus Githinji Njogu,"1418173",2026-08-25,Ceftriaxone Injection 1gm 1,1.00,ekabura,85.00,85.0000,KARATINA ANNEX DRUG STORE
OP016753/25,Euticus Githinji Njogu,"1418173",2026-08-25,Esomeprazole 40mg Nexpro Injection 1,1.00,ekabura,366.00,366.0000,KARATINA ANNEX DRUG STORE
OP016753/25,Euticus Githinji Njogu,"1418173",2026-08-25,Frusemide Injection 20mg/Ml -,4.00,ekabura,50.00,200.0000,KARATINA ANNEX DRUG STORE
OP016753/25,Euticus Githinji Njogu,"1418173",2026-08-25,I.V.Cannular Size 22 1,1.00,ekabura,17.00,17.0000,KARATINA ANNEX DRUG STORE
OP016753/25,Euticus Githinji Njogu,"1418173",2026-08-25,Needles  G23 Each 1,3.00,ekabura,10.00,30.0000,KARATINA ANNEX DRUG STORE
OP016753/25,Euticus Githinji Njogu,"1418173",2026-08-25,Syringe 10ml 1,3.00,ekabura,13.00,39.0000,KARATINA ANNEX DRUG STORE
OP00230657,Gikingo Wanjiru Catherine,"1418236",2026-08-25,Paracetamol Tabs 500mg 1,30.00,ekabura,2.00,60.0000,KARATINA ANNEX DRUG STORE
OP00070098,Kigamba Muya Muriuki,"1418581",2026-08-26,Carveddilol Tabs 6.25mg -,30.00,ekabura,5.00,150.0000,KARATINA ANNEX DRUG STORE
OP00070098,Kigamba Muya Muriuki,"1418581",2026-08-26,Dapagliflozin 10mg Sachets,25.00,ekabura,132.00,3300.0000,KARATINA ANNEX DRUG STORE
OP00070098,Kigamba Muya Muriuki,"1418581",2026-08-26,Frusemide Tabs 40mg -,30.00,ekabura,3.00,90.0000,KARATINA ANNEX DRUG STORE
OP00069698,Muriuki Mbeere Mary,"1418607",2026-08-26,Losartan 50mg  Hctz 12.5mg 28,30.00,ekabura,5.00,150.0000,KARATINA ANNEX DRUG STORE
OP00069698,Muriuki Mbeere Mary,"1418607",2026-08-26,Nervoplex Tabs -,30.00,ekabura,140.00,4200.0000,KARATINA ANNEX DRUG STORE
OP00232681,Njuho Wambui Margaret,"1418689",2026-08-26,Atovastatin 20mg -,30.00,ekabura,8.00,240.0000,KARATINA ANNEX DRUG STORE
OP00232681,Njuho Wambui Margaret,"1418689",2026-08-26,Losartan 50mg  Hctz 12.5mg 28,60.00,ekabura,5.00,300.0000,KARATINA ANNEX DRUG STORE
OP004361/26,Lydia Wambui Mwangi,"1419026",2026-08-26,Frusemide Tabs 40mg -,1.00,ekabura,3.00,3.0000,KARATINA ANNEX DRUG STORE
OP004361/26,Lydia Wambui Mwangi,"1419026",2026-08-26,Nifedipine Tabs 20mg -,1.00,ekabura,5.00,5.0000,KARATINA ANNEX DRUG STORE
OP004361/26,Lydia Wambui Mwangi,"1419119",2026-08-26,Hydrochlorothiazide 25 Mg Tablet,30.00,ekabura,2.00,60.0000,KARATINA ANNEX DRUG STORE
OP004370/26,David Mworia Ncebere,"1419680",2026-08-27,Esomeprazole 40mg Nexpro Injection 1,1.00,ekabura,366.00,366.0000,KARATINA ANNEX DRUG STORE
OP004370/26,David Mworia Ncebere,"1419680",2026-08-27,I.V.Cannular Size 22 1,1.00,ekabura,17.00,17.0000,KARATINA ANNEX DRUG STORE
OP004370/26,David Mworia Ncebere,"1419680",2026-08-27,Needles  G23 Each 1,2.00,ekabura,10.00,20.0000,KARATINA ANNEX DRUG STORE
OP004370/26,David Mworia Ncebere,"1419680",2026-08-27,Ondansentron 4mg/2ml Inj. 1,1.00,ekabura,105.00,105.0000,KARATINA ANNEX DRUG STORE
OP004370/26,David Mworia Ncebere,"1419680",2026-08-27,Paracetamol Infusion 1gm 1,1.00,ekabura,350.00,350.0000,KARATINA ANNEX DRUG STORE
OP004370/26,David Mworia Ncebere,"1419680",2026-08-27,Syringe 10ml 1,2.00,ekabura,13.00,26.0000,KARATINA ANNEX DRUG STORE
OP00229340,Kingori Njeri Serah,"1419834",2026-08-27,Crepe Bandage 4inch 1,1.00,jkariithi,120.00,120.0000,KARATINA ANNEX DRUG STORE
OP00229340,Kingori Njeri Serah,"1419834",2026-08-27,Gauze Roll 1.5 Grams Piece,10.00,jkariithi,9.00,90.0000,KARATINA ANNEX DRUG STORE
OP00229340,Kingori Njeri Serah,"1419834",2026-08-27,Needles  G23 Each 1,4.00,jkariithi,10.00,40.0000,KARATINA ANNEX DRUG STORE
OP00229340,Kingori Njeri Serah,"1419834",2026-08-27,Surgical Blade Size 23 -,1.00,jkariithi,20.00,20.0000,KARATINA ANNEX DRUG STORE
OP00229340,Kingori Njeri Serah,"1419834",2026-08-27,Surgical Gloves Size 7.5 50,1.00,jkariithi,100.00,100.0000,KARATINA ANNEX DRUG STORE
OP00229340,Kingori Njeri Serah,"1419834",2026-08-27,Syringe 10ml 1,4.00,jkariithi,13.00,52.0000,KARATINA ANNEX DRUG STORE
OP00229340,Kingori Njeri Serah,"1419834",2026-08-27,Vaseline Gauzes(Sterlile)Dressing Pad -,1.00,jkariithi,51.00,51.0000,KARATINA ANNEX DRUG STORE
OP00161968,Mwai Mwangi Danson,"1419872",2026-08-27,Azithromycin 500mg 1,1.00,ekabura,75.00,75.0000,KARATINA ANNEX DRUG STORE
OP00161968,Mwai Mwangi Danson,"1419872",2026-08-27,Cetrizine Dihydrochloride Tabs 10mg -,10.00,ekabura,5.00,50.0000,KARATINA ANNEX DRUG STORE
OP004370/26,David Mworia Ncebere,"1419891",2026-08-27,Bisacodyll Tabs 5mg -,10.00,ekabura,5.00,50.0000,KARATINA ANNEX DRUG STORE
OP004370/26,David Mworia Ncebere,"1419891",2026-08-27,Domperidone 10mg -,15.00,ekabura,5.00,75.0000,KARATINA ANNEX DRUG STORE
OP004370/26,David Mworia Ncebere,"1419891",2026-08-27,Hyoscine N-Butylbromide Tabs10mg -,15.00,ekabura,6.00,90.0000,KARATINA ANNEX DRUG STORE
OP004370/26,David Mworia Ncebere,"1419891",2026-08-27,Omeprazole  Caps 20mg 1,10.00,ekabura,2.00,20.0000,KARATINA ANNEX DRUG STORE
OP004370/26,David Mworia Ncebere,"1419891",2026-08-27,Paracetamol Tabs 500mg 1,20.00,ekabura,2.00,40.0000,KARATINA ANNEX DRUG STORE
OP00067694,Mwangi(Mukangu) Lydiah Nyambura,"1419914",2026-08-27,Hydrochlorothiazide 25 Mg Tablet,14.00,ekabura,2.00,28.0000,KARATINA ANNEX DRUG STORE
OP00245595,Gichohi Wachira Marcelo,"1419977",2026-08-27,Amoxycillin Dispersible Tablets 250mg 1,20.00,ekabura,6.00,120.0000,KARATINA ANNEX DRUG STORE
OP00245595,Gichohi Wachira Marcelo,"1419977",2026-08-27,Cetrizine 5mg Syrup 60ml -,1.00,ekabura,50.00,50.0000,KARATINA ANNEX DRUG STORE
OP004379/26,Felix Matimo Nyambura,"1420006",2026-08-27,Diclofenac Gel Ointment 1,1.00,ekabura,50.00,50.0000,KARATINA ANNEX DRUG STORE
OP004379/26,Felix Matimo Nyambura,"1420006",2026-08-27,Ibuprofen Tablets 400mg -,5.00,ekabura,2.00,10.0000,KARATINA ANNEX DRUG STORE
OP004380/26,Yeisel Yusuf Mohamed,"1420110",2026-08-27,Antacid (Nilacid) -,1.00,ekabura,412.00,412.0000,KARATINA ANNEX DRUG STORE
OP004380/26,Yeisel Yusuf Mohamed,"1420110",2026-08-27,Esomeprazole 40mg Tablets Tablet,30.00,ekabura,30.00,900.0000,KARATINA ANNEX DRUG STORE
OP00003919,Mukunya Wambui Irene,"1420220",2026-08-27,Amoxycillin  500mg Clavanic Acid 125mg (Clavulin) 1,10.00,ekabura,35.00,350.0000,KARATINA ANNEX DRUG STORE
OP00003919,Mukunya Wambui Irene,"1420220",2026-08-27,Cough Exp (Tripacoff) -,1.00,ekabura,213.00,213.0000,KARATINA ANNEX DRUG STORE
OP00003919,Mukunya Wambui Irene,"1420220",2026-08-27,Paracetamol Tabs 500mg 1,20.00,ekabura,2.00,40.0000,KARATINA ANNEX DRUG STORE
OP004390/26,Mary Nyabuto Nyanchama,"1420415",2026-08-27,Ciprofloxacin Tabs 500mg -,10.00,ekabura,6.00,60.0000,KARATINA ANNEX DRUG STORE
OP004390/26,Mary Nyabuto Nyanchama,"1420415",2026-08-27,Fluconazole Caps 200 Mg 1,1.00,ekabura,20.00,20.0000,KARATINA ANNEX DRUG STORE
OP004370/26,David Mworia Ncebere,"1420735",2026-08-28,Diloxanide 250mg+Metronindazole 200mg 1,30.00,jimmwangi,6.00,180.0000,KARATINA ANNEX DRUG STORE
OP004370/26,David Mworia Ncebere,"1420740",2026-08-28,Meloxicam  7.5mg 1,10.00,jimmwangi,5.00,50.0000,KARATINA ANNEX DRUG STORE
OP00002711,Mwai Wangui Mary,"1420793",2026-08-28,Amlodipine 5 Mg Tabs 1,60.00,drjohn,8.00,480.0000,KARATINA ANNEX DRUG STORE
OP00002711,Mwai Wangui Mary,"1420793",2026-08-28,Atenolol Tabs 50mg 1,30.00,drjohn,5.00,150.0000,KARATINA ANNEX DRUG STORE
OP00002711,Mwai Wangui Mary,"1420793",2026-08-28,Frusemide Tabs 40mg -,30.00,drjohn,3.00,90.0000,KARATINA ANNEX DRUG STORE
OP00002711,Mwai Wangui Mary,"1420793",2026-08-28,Losartan 50mg  Hctz 12.5mg 28,30.00,drjohn,5.00,150.0000,KARATINA ANNEX DRUG STORE
OP00002711,Mwai Wangui Mary,"1420793",2026-08-28,Omeprazole  Caps 20mg 1,30.00,drjohn,2.00,60.0000,KARATINA ANNEX DRUG STORE
OP00002711,Mwai Wangui Mary,"1420795",2026-08-28,Meloxicam  7.5mg 1,20.00,drjohn,5.00,100.0000,KARATINA ANNEX DRUG STORE
OP004228/23,Agnes Ngima Wahome,"1420853",2026-08-28,Carveddilol Tabs 6.25mg -,30.00,drjohn,5.00,150.0000,KARATINA ANNEX DRUG STORE
OP004228/23,Agnes Ngima Wahome,"1420853",2026-08-28,Enalapril Tabs 5mg -,30.00,drjohn,2.00,60.0000,KARATINA ANNEX DRUG STORE
OP004228/23,Agnes Ngima Wahome,"1420853",2026-08-28,Meloxicam  7.5mg 1,40.00,drjohn,5.00,200.0000,KARATINA ANNEX DRUG STORE
OP004228/23,Agnes Ngima Wahome,"1420853",2026-08-28,Spironolactone Tabs 25mg -,30.00,drjohn,6.00,180.0000,KARATINA ANNEX DRUG STORE
OP018839/25,Felista Mumbi Muthoni,"1420926",2026-08-28,Folic Acid Tabs 5mg 1,60.00,drjohn,1.00,60.0000,KARATINA ANNEX DRUG STORE
OP018839/25,Felista Mumbi Muthoni,"1420926",2026-08-28,Meloxicam  7.5mg 1,20.00,drjohn,5.00,100.0000,KARATINA ANNEX DRUG STORE
OP018839/25,Felista Mumbi Muthoni,"1420926",2026-08-28,Omeprazole  Caps 20mg 1,20.00,drjohn,2.00,40.0000,KARATINA ANNEX DRUG STORE
OP018839/25,Felista Mumbi Muthoni,"1420926",2026-08-28,Prednisolone 5mg (Zain) Blue 100s 1,60.00,drjohn,2.00,120.0000,KARATINA ANNEX DRUG STORE
OP00217533,Marigi Kanono Daniel,"1420984",2026-08-28,Carvedilol 12.5mgs -,60.00,drjohn,8.00,480.0000,KARATINA ANNEX DRUG STORE
OP00217533,Marigi Kanono Daniel,"1420984",2026-08-28,Losartan 50mg  Hctz 12.5mg 28,60.00,drjohn,5.00,300.0000,KARATINA ANNEX DRUG STORE
OP00217533,Marigi Kanono Daniel,"1420984",2026-08-28,Nifedipine Tabs 20mg -,60.00,drjohn,5.00,300.0000,KARATINA ANNEX DRUG STORE
OP000963/26,Margaret Nyawira  Wamai,"1421048",2026-08-28,Amlodipine 5 Mg Tabs 1,14.00,drjohn,8.00,112.0000,KARATINA ANNEX DRUG STORE
OP000963/26,Margaret Nyawira  Wamai,"1421048",2026-08-28,Carveddilol Tabs 6.25mg -,30.00,drjohn,5.00,150.0000,KARATINA ANNEX DRUG STORE
OP000963/26,Margaret Nyawira  Wamai,"1421048",2026-08-28,Losartan 50mg  Hctz 12.5mg 28,14.00,drjohn,5.00,70.0000,KARATINA ANNEX DRUG STORE
OP000963/26,Margaret Nyawira  Wamai,"1421048",2026-08-28,Spironolactone Tabs 25mg -,30.00,drjohn,6.00,180.0000,KARATINA ANNEX DRUG STORE
OP001680/23,Margaret Gacheke Njogu,"1421049",2026-08-28,Atovastatin 20mg -,21.00,jimmwangi,8.00,168.0000,KARATINA ANNEX DRUG STORE
OP001680/23,Margaret Gacheke Njogu,"1421049",2026-08-28,Carveddilol Tabs 6.25mg -,25.00,jimmwangi,5.00,125.0000,KARATINA ANNEX DRUG STORE
OP001680/23,Margaret Gacheke Njogu,"1421049",2026-08-28,Esomeprazole 40mg Tablets Tablet,10.00,jimmwangi,30.00,300.0000,KARATINA ANNEX DRUG STORE
OP001680/23,Margaret Gacheke Njogu,"1421049",2026-08-28,Frusemide Tabs 40mg -,60.00,jimmwangi,3.00,180.0000,KARATINA ANNEX DRUG STORE
OP001680/23,Margaret Gacheke Njogu,"1421049",2026-08-28,Losartan Potassium  50mg Tabs 1,25.00,jimmwangi,5.00,125.0000,KARATINA ANNEX DRUG STORE
OP001680/23,Margaret Gacheke Njogu,"1421049",2026-08-28,Meloxicam  7.5mg 1,10.00,jimmwangi,5.00,50.0000,KARATINA ANNEX DRUG STORE
OP001680/23,Margaret Gacheke Njogu,"1421049",2026-08-28,Spironolactone Tabs 25mg -,25.00,jimmwangi,6.00,150.0000,KARATINA ANNEX DRUG STORE
OP001320/26,Godffrey Wamai Kahuthia,"1421097",2026-08-28,Carveddilol Tabs 6.25mg -,30.00,drjohn,5.00,150.0000,KARATINA ANNEX DRUG STORE
OP001320/26,Godffrey Wamai Kahuthia,"1421097",2026-08-28,Frusemide Tabs 40mg -,30.00,drjohn,3.00,90.0000,KARATINA ANNEX DRUG STORE
OP001320/26,Godffrey Wamai Kahuthia,"1421097",2026-08-28,Losartan 50mg  Hctz 12.5mg 28,30.00,drjohn,5.00,150.0000,KARATINA ANNEX DRUG STORE
OP001320/26,Godffrey Wamai Kahuthia,"1421097",2026-08-28,Meloxicam  7.5mg 1,30.00,drjohn,5.00,150.0000,KARATINA ANNEX DRUG STORE
OP001320/26,Godffrey Wamai Kahuthia,"1421097",2026-08-28,Spironolactone Tabs 25mg -,30.00,drjohn,6.00,180.0000,KARATINA ANNEX DRUG STORE
OP004405/26,Edwin Kariuki Mwangi,"1421122",2026-08-28,Flucloxacillin 250mg Capsules -,40.00,jimmwangi,7.00,280.0000,KARATINA ANNEX DRUG STORE
OP004405/26,Edwin Kariuki Mwangi,"1421122",2026-08-28,Gauze Roll 1.5 Grams Piece,5.00,jimmwangi,9.00,45.0000,KARATINA ANNEX DRUG STORE
OP004405/26,Edwin Kariuki Mwangi,"1421122",2026-08-28,Meloxicam  7.5mg 1,10.00,jimmwangi,5.00,50.0000,KARATINA ANNEX DRUG STORE
OP004405/26,Edwin Kariuki Mwangi,"1421122",2026-08-28,Opsite Dressing  6.5*5.5 -,1.00,jimmwangi,23.00,23.0000,KARATINA ANNEX DRUG STORE
OP004405/26,Edwin Kariuki Mwangi,"1421122",2026-08-28,Paracetamol Tabs 500mg 1,30.00,jimmwangi,2.00,60.0000,KARATINA ANNEX DRUG STORE
OP000130/26,Grace Wanjugu Munyua,"1421156",2026-08-28,Amlodipine 5 Mg Tabs 1,60.00,drjohn,8.00,480.0000,KARATINA ANNEX DRUG STORE
OP000130/26,Grace Wanjugu Munyua,"1421156",2026-08-28,Carvedilol 12.5mgs -,30.00,drjohn,8.00,240.0000,KARATINA ANNEX DRUG STORE
OP000130/26,Grace Wanjugu Munyua,"1421156",2026-08-28,Losartan 50mg  Hctz 12.5mg 28,30.00,drjohn,5.00,150.0000,KARATINA ANNEX DRUG STORE
OP000130/26,Grace Wanjugu Munyua,"1421156",2026-08-28,Spironolactone Tabs 25mg -,30.00,drjohn,6.00,180.0000,KARATINA ANNEX DRUG STORE
OP002980/23,Rev Peterson Mwangi  Maina,"1421202",2026-08-28,Amlodipine 10 Mg 28,30.00,drjohn,12.00,360.0000,KARATINA ANNEX DRUG STORE
OP002980/23,Rev Peterson Mwangi  Maina,"1421202",2026-08-28,Carveddilol Tabs 6.25mg -,30.00,drjohn,5.00,150.0000,KARATINA ANNEX DRUG STORE
OP002980/23,Rev Peterson Mwangi  Maina,"1421202",2026-08-28,Enalapril Tabs 5mg -,60.00,drjohn,2.00,120.0000,KARATINA ANNEX DRUG STORE
OP002980/23,Rev Peterson Mwangi  Maina,"1421202",2026-08-28,Frusemide Tabs 40mg -,60.00,drjohn,3.00,180.0000,KARATINA ANNEX DRUG STORE
OP002980/23,Rev Peterson Mwangi  Maina,"1421202",2026-08-28,Spironolactone Tabs 25mg -,30.00,drjohn,6.00,180.0000,KARATINA ANNEX DRUG STORE
OP001760/23, Jane Wangui  Mwangi,"1421217",2026-08-28,Losartan Potassium  50mg Tabs 1,30.00,jimmwangi,5.00,150.0000,KARATINA ANNEX DRUG STORE
OP001760/23, Jane Wangui  Mwangi,"1421217",2026-08-28,Nifedipine Tabs 20mg -,60.00,jimmwangi,5.00,300.0000,KARATINA ANNEX DRUG STORE
OP019175/25,Justus Mwangi Kihara,"1421230",2026-08-28,Amlodipine 10 Mg 28,30.00,jimmwangi,12.00,360.0000,KARATINA ANNEX DRUG STORE
OP019175/25,Justus Mwangi Kihara,"1421230",2026-08-28,Carveddilol Tabs 6.25mg -,60.00,jimmwangi,5.00,300.0000,KARATINA ANNEX DRUG STORE
OP019175/25,Justus Mwangi Kihara,"1421230",2026-08-28,Losartan Potassium  50mg Tabs 1,60.00,jimmwangi,5.00,300.0000,KARATINA ANNEX DRUG STORE
OP019175/25,Justus Mwangi Kihara,"1421230",2026-08-28,Spironolactone Tabs 25mg -,30.00,jimmwangi,6.00,180.0000,KARATINA ANNEX DRUG STORE
OP00250159,Githui Kagema Aesop,"1421279",2026-08-28,Clindamicin Capsule (300mg) Dalacin C 1,21.00,jkariithi,30.00,630.0000,KARATINA ANNEX DRUG STORE
OP00250159,Githui Kagema Aesop,"1421279",2026-08-28,Gauze Roll 1.5 Grams Piece,10.00,jkariithi,9.00,90.0000,KARATINA ANNEX DRUG STORE
OP00250159,Githui Kagema Aesop,"1421279",2026-08-28,Normalsaline 0.9%/500mls 1,1.00,jkariithi,180.00,180.0000,KARATINA ANNEX DRUG STORE
OP00250159,Githui Kagema Aesop,"1421279",2026-08-28,Vaseline Gauzes(Sterlile)Dressing Pad -,1.00,jkariithi,51.00,51.0000,KARATINA ANNEX DRUG STORE
OP00250159,Githui Kagema Aesop,"1421280",2026-08-28,Etorixocib 60mg And Paracetamol325mg Tabs -,10.00,jkariithi,65.00,650.0000,KARATINA ANNEX DRUG STORE
OP00027964,. Muraguri Njamwea,"1421289",2026-08-28,Atovastatin 20mg -,30.00,drjohn,8.00,240.0000,KARATINA ANNEX DRUG STORE
OP00027964,. Muraguri Njamwea,"1421289",2026-08-28,Carvedilol 12.5mgs -,30.00,drjohn,8.00,240.0000,KARATINA ANNEX DRUG STORE
OP00027964,. Muraguri Njamwea,"1421289",2026-08-28,Losartan 50mg  Hctz 12.5mg 28,30.00,drjohn,5.00,150.0000,KARATINA ANNEX DRUG STORE
OP00027964,. Muraguri Njamwea,"1421289",2026-08-28,Metformin 500mg+Glibenclamide Tabs 5mg -,120.00,drjohn,8.00,960.0000,KARATINA ANNEX DRUG STORE
OP00027964,. Muraguri Njamwea,"1421292",2026-08-28,Bisacodyll Tabs 5mg -,30.00,drjohn,5.00,150.0000,KARATINA ANNEX DRUG STORE
OP00250159,Githui Kagema Aesop,"1421294",2026-08-28,Surgical Gloves Size 8.0 -,1.00,jkariithi,100.00,100.0000,KARATINA ANNEX DRUG STORE
OP002834/26,Margaret Wanjiru Muriithi,"1421320",2026-08-28,Myospaz (Paracetamol 500/Chlorzo250mg) Tabs -,15.00,drjohn,30.00,450.0000,KARATINA ANNEX DRUG STORE
OP016901/25,Lucy Wambui Karanja,"1421332",2026-08-28,Esomeprazole 20mg -,10.00,drjohn,25.00,250.0000,KARATINA ANNEX DRUG STORE
OP001723/26,Teresio Njamumo Benson,"1421373",2026-08-28,Frusemide Tabs 40mg -,30.00,drjohn,3.00,90.0000,KARATINA ANNEX DRUG STORE
OP001723/26,Teresio Njamumo Benson,"1421373",2026-08-28,Montelukast  (Myteka) 10mg  1,10.00,drjohn,30.00,300.0000,KARATINA ANNEX DRUG STORE
OP001723/26,Teresio Njamumo Benson,"1421373",2026-08-28,Spironolactone Tabs 25mg -,30.00,drjohn,6.00,180.0000,KARATINA ANNEX DRUG STORE
OP004408/26,Ephantus Maina Mariga,"1421416",2026-08-28,Cetrizine Dihydrochloride Tabs 10mg -,5.00,jimmwangi,5.00,25.0000,KARATINA ANNEX DRUG STORE
